password,label
12345617,0
qwerty67,0
password24,0
admin55,0
12345687,0
12345641,0
admin84,0
password11,0
admin29,0
welcome74,0
welcome37,0
welcome44,0
qwerty17,0
qwerty85,0
qwerty99,0
qwerty72,0
password97,0
password28,0
qwerty55,0
12345689,0
12345677,0
welcome99,0
qwerty41,0
qwerty56,0
qwerty41,0
12345663,0
qwerty9,0
qwerty35,0
12345659,0
password2,0
qwerty14,0
qwerty5,0
welcome57,0
welcome96,0
password21,0
welcome40,0
12345684,0
qwerty49,0
qwerty59,0
qwerty47,0
12345662,0
admin49,0
12345659,0
1234560,0
qwerty20,0
qwerty88,0
qwerty78,0
password7,0
admin51,0
welcome77,0
password50,0
password20,0
qwerty71,0
password3,0
12345657,0
welcome93,0
12345655,0
admin0,0
admin88,0
qwerty29,0
12345653,0
password57,0
password1,0
12345661,0
password98,0
welcome49,0
admin88,0
12345615,0
password60,0
welcome8,0
12345656,0
qwerty28,0
qwerty23,0
password95,0
admin70,0
welcome23,0
12345686,0
admin55,0
12345671,0
admin34,0
welcome68,0
welcome15,0
welcome73,0
qwerty37,0
qwerty15,0
admin38,0
admin82,0
password9,0
12345671,0
welcome96,0
12345684,0
welcome38,0
welcome54,0
password4,0
admin61,0
password42,0
qwerty63,0
12345636,0
password0,0
welcome80,0
password91,0
admin39,0
12345677,0
qwerty4,0
welcome41,0
12345659,0
admin16,0
password60,0
qwerty21,0
password10,0
12345626,0
admin94,0
welcome0,0
welcome96,0
welcome28,0
admin27,0
12345667,0
password52,0
admin49,0
qwerty89,0
qwerty63,0
password53,0
qwerty14,0
12345672,0
qwerty93,0
password80,0
12345632,0
qwerty52,0
qwerty65,0
password95,0
password64,0
12345665,0
welcome59,0
qwerty11,0
qwerty38,0
admin55,0
welcome9,0
password25,0
password2,0
12345637,0
12345629,0
password80,0
admin14,0
qwerty20,0
password70,0
password70,0
welcome33,0
password91,0
welcome64,0
qwerty40,0
password31,0
welcome63,0
admin71,0
admin92,0
qwerty72,0
12345678,0
welcome91,0
12345672,0
12345680,0
12345692,0
admin89,0
welcome17,0
welcome90,0
12345697,0
welcome36,0
qwerty58,0
password61,0
admin93,0
welcome67,0
1234563,0
password35,0
qwerty36,0
password3,0
password83,0
12345662,0
admin54,0
qwerty79,0
welcome67,0
admin43,0
12345637,0
12345641,0
welcome1,0
password89,0
admin20,0
welcome68,0
qwerty96,0
welcome2,0
admin25,0
admin90,0
welcome92,0
12345621,0
12345628,0
1234568,0
qwerty14,0
qwerty44,0
welcome58,0
qwerty78,0
admin51,0
password21,0
password39,0
piJ10REH@,1
dgkHRIt9@,1
JaOpnLxn@,1
46zt1Bs6@,1
lfYyk3ot@,1
SP7poBZv@,1
g5xL9qeu@,1
chq1sost@,1
Vyeq6nNp@,1
UiHvW9af@,1
JjAQbNQR@,1
sJvKQzFg@,1
Mk0ksjWl@,1
0TZMOYNI@,1
rQM7INNe@,1
CBFC7DDA@,1
El1sVEiG@,1
5ggpWm5a@,1
SYf8DLOP@,1
n4kCwQK0@,1
RoeVfegO@,1
jtKhmGik@,1
09pwMtOG@,1
GWKzqGhL@,1
VeVkYNke@,1
TA6uF9q0@,1
2r6kwZKP@,1
vlZjlgyD@,1
8yQRu7tI@,1
8xlA0WUG@,1
xNBB3PVD@,1
mMFp4VE7@,1
aYzE69y5@,1
Nkitr8VB@,1
w40xnzz5@,1
Ob59FT1M@,1
ff175esF@,1
CD7NSPet@,1
WAQD9Ect@,1
yQh2lI4g@,1
bAuM3aff@,1
ToqI966W@,1
C7rIWRlL@,1
gMR7j5A7@,1
BHjIxTao@,1
h9WlXUhE@,1
MuMx2wL1@,1
2V0M7POC@,1
vsnfpprQ@,1
cZbvO0HI@,1
Gn4JDob7@,1
LQ1QZ8DV@,1
nmj0Wqk1@,1
qZ1LMQ3D@,1
Zge7NvrN@,1
LxeOaVJ6@,1
LTOZVwJw@,1
BzkevRoC@,1
PgKWC87H@,1
JsPC7msC@,1
cwEOp2gT@,1
tEBIlMAY@,1
Am0Gc1td@,1
YeSAoCcT@,1
nKy1lXg0@,1
2Qz8l0JR@,1
1bfuDDTq@,1
KmkBD96O@,1
ODIQGXwb@,1
x94HNbr0@,1
2RQfC3mx@,1
Y9ZcmWNq@,1
PKq7QHQC@,1
RXB8og1B@,1
xj5doV3w@,1
rvCqbZtI@,1
45GLVCJo@,1
aH801Mv3@,1
39LXY2PD@,1
XcmJ6OFs@,1
uVVCBaZd@,1
adDwucgO@,1
khlhrEvv@,1
tBBfBTON@,1
szZPGNCU@,1
9n2htcWw@,1
YLPQhrF3@,1
5QSslbSm@,1
liKLEYyw@,1
hIXxe8GR@,1
idmDWYi6@,1
NcwYNlcc@,1
d0mvVwLU@,1
mkC5in2n@,1
RHSwaLle@,1
ri0nvhRy@,1
CziTv3GH@,1
AggAuzIs@,1
t6L5UKQi@,1
bug0pOZt@,1
YgGHKmEu@,1
h5DBVbco@,1
dHw96U3W@,1
JTQZyi8U@,1
YNKREjwY@,1
NGBettB3@,1
DY5D5dXP@,1
qOjsWcgE@,1
c971e5NV@,1
Atg3fJdL@,1
m4fCt5IS@,1
cmobt1yG@,1
Dbllnz2t@,1
w0JBrkN0@,1
qozHRSAa@,1
DRpHb1Ju@,1
ochUPXlZ@,1
AAwIloYO@,1
XJEebQw7@,1
xGCHMG53@,1
3It050ZG@,1
5YRtVtWA@,1
QmN1BcVL@,1
NMHZNV6W@,1
lFnzjUq4@,1
pTMFw7Bm@,1
1SQmuyUK@,1
uSiw3wHW@,1
CRRAL4SB@,1
jOctsbRA@,1
rodfBLDY@,1
9tROq09A@,1
m3tCe2gv@,1
HysvoCn4@,1
Q79Gjj64@,1
icOac55B@,1
tEYG8C2b@,1
GJqkEqZO@,1
uahZXLkx@,1
tJJG5mqZ@,1
W0uPWVFU@,1
ckWS3BYi@,1
ATCQMMJi@,1
B8n10Qro@,1
OzodDdlx@,1
n7YZpe2a@,1
UPPEUQ39@,1
13OvdE8o@,1
VoDaKT9k@,1
4c9J22Dg@,1
vdpHFnUL@,1
ukPKiE8J@,1
WhLTXKRp@,1
84ras0yZ@,1
S2g0NfpN@,1
WaWD0rAE@,1
REz7Avnl@,1
ehEWrZj1@,1
PqwjdcY2@,1
QObRvitl@,1
BsuOqA8r@,1
bpf8kE26@,1
eaBba6Go@,1
nF0NSo7I@,1
QBVMorYA@,1
m64hL2yg@,1
A4DaKQVO@,1
cBkL4f4T@,1
RHEGC95s@,1
asyya9DX@,1
3osXZkCH@,1
8d3i1KFH@,1
lAzWdNoJ@,1
xh5E5RWp@,1
QKYQdDLJ@,1
3rYR3thk@,1
tJopopjy@,1
vUS2vLNZ@,1
Ll5Bco8i@,1
JzPXCjHM@,1
lMB0eCox@,1
iuGk4jO7@,1
zdHvRJfk@,1
e73mScMr@,1
EyjXgxmz@,1
Wjuj8za8@,1
pUaXf6Df@,1
1ccGLVQh@,1
hVQeoWop@,1
QFUJ4BVA@,1
TIddPoJx@,1
OrwiiIY7@,1
1lQqIBMM@,1
J3TBB3zz@,1
6NT2OYKV@,1
reHDJk3S@,1
MBLTWuAG@,1
qlsSZXOH@,1
hcKkd3rJ@,1
WWSx8MrU@,1
WJqxuuk&HAbj6w,2
nk%Th!3KArU9vw,2
S5OFpi#T*QG%@J,2
fbWRY3aU^Zh6w@,2
jo%q!SK5q9uIdb,2
Tg^sGfassNbe2i,2
6kxzAz1ALnmpU4,2
8p5XtFbG*qYx@t,2
*LIoLDb@I^^jv0,2
gDzQy*M#FdXOdn,2
jJD^B1qaqL2XwC,2
7CASgJH9ex9Ail,2
BtCoItjrIgOGvZ,2
7@VvAw&$vTVjd0,2
se084sY7IXhc9s,2
CUwCF0y2xgNiFN,2
G#U&s$hmOcMcCl,2
dvrZY%Fo@I2%m*,2
hqpq%CATSfXN4M,2
eur7MBjYSx@%ZE,2
sAaK!DA5*MKYjm,2
4j5nVqJvBVLUW8,2
LMIOj7!42dkkE4,2
iF7mypZwA8a6C^,2
vHq51RA5kcOTD^,2
Ro$VEs#drfn%WW,2
w#SZs4Apt@yYGb,2
J&i7n8IrogzEaj,2
obG!GW2x%2snfv,2
Iff9#cm%@SoZv9,2
cvNW2r4P1xCpT@,2
$gP#un@b8bDt4e,2
LzOSiE!2VNN6jV,2
4cO&!sTNGP!OMN,2
McyMr%WUeJP^8g,2
%MOoKVWWesnzYG,2
gkYqfPOIiVs&2i,2
d5CiWsZ*vG6DiY,2
ePtwDupJT*hxWO,2
dq9i%Mz#iD5u@^,2
20Z!Qh%jugW89a,2
hqIGARu@Ymmchd,2
n5!D9po!Qgcuol,2
0eOIporQFNioI#,2
P5ugsNf08r0pEu,2
58QA#UbyXA#zgj,2
vxa5ARe!g1w!Xe,2
*v3zjhdsliZ3sV,2
kg6!*NhI$NfyyS,2
gv3ITMwbbH*TVo,2
s54P!kBoDCV18&,2
L%wZPaRWAHElAX,2
UkmXCW61hgGC9a,2
&#!N5nDhk6mlbg,2
LNbF!IAcZ1JXU9,2
86a$@7yOS8C@^5,2
DsLuLvQG$7A0P^,2
w!uF6T@F#LPsrS,2
S9ViVKYPe9boky,2
r!RKePubN5qsm*,2
RXFiaZyPN9QXLI,2
4Wnl47Yu4wnRGb,2
YrVGf%h8MpuMqb,2
pp$&OhY$!Rtn51,2
abFC3U0PZHICHn,2
ZrSZc@X1aURvpw,2
9&BugnOjR2efN^,2
zmDGP$VgsFy0n3,2
&24ziE!LkxoP&9,2
ri2xY77eqCSAD#,2
LDcPkoJ6DN%tX*,2
fJ8hMVTfc3lYNn,2
spJtk4nnYL5FUA,2
0VkC0uz2lOUO@!,2
7^4T1eQ81#b2@e,2
DXmYBBPldFctMQ,2
7^AsGbPag^697E,2
r#0peHirVL!Lqt,2
g4ZWxBmJ^Rq9n@,2
cVb8W@dW2AS^HT,2
Vk%hKyiwEk5c6d,2
QdE%lhpJo2DOs3,2
nxIvh5GilOfq4u,2
YuwcQVI^x3PXFv,2
Ae7V&RQfJK@!vw,2
fqWOyzc^zAmNev,2
FCfPOAN7zLBl&D,2
^BqCB4@mzUyNEv,2
X^Z3L7HAXM5FLQ,2
jTgqdt2b2NmHe%,2
n0alEx9Z$ejQ7o,2
n%BQMch!Mi#cAf,2
0Slmvc4RrhgUrf,2
!6IoilsIrdOwW5,2
EhBplcYsG#N#CF,2
3cEMfwhJ&Of9UG,2
1%&dM%D7H03rGb,2
e%Vs#fzMkjl%2M,2
r!Pdm4bzZMQF&u,2
ME6$$%fH&trd7W,2
&8j1jwFYm9&6w6,2
2*ZZR73O3I1t2z,2
HXt*aM5E!ACpdv,2
#D!x1f3A6VH@$l,2
z4R6hvp#8$yPWY,2
z0h#2^1YR@Kg1O,2
EhIVagGPf@JUbE,2
wwImDK&sXNd*8j,2
2B9MRUAP50aILW,2
kH0lf*tYH6J^5R,2
go$1*9%MSTtkL7,2
NHS!wBS1uy8tmj,2
y*KKDL64iX*yqX,2
ZbgDhMWWt0NzWs,2
jKWmf@6&iE3OPD,2
WhCtR#BeBcbl@f,2
XxnuxmcN8pDXh1,2
kIS%gPbk!$2SIg,2
&b%Mf246wj7#2a,2
eeFGAjpG*E0Tzk,2
bDuMZR$Z%YbeTp,2
V4EKxv6T%Sne5m,2
#Xg$4Zu3F14EvB,2
Q@NHFRU!h^nLP@,2
pcVAmH&#!eAMQJ,2
ccC%okaVUKZ1uk,2
XH$Zii$SX6B5*N,2
VpTOuzr4uGZZW$,2
O50IX!u3PKSHc7,2
lfQdECXZ%fpob5,2
OjGyvq&xQecP^C,2
CHtCJ5#g!NG6e!,2
GdNvd&8E40Ns$0,2
QqbuhMohMVeqaW,2
W6bxUA2C@^&FUp,2
rpHwXZnwmzKH%v,2
esgQFWNAliZ1@#,2
&PBxbGH$okmf4T,2
rabnXgTMDZY#%5,2
bvzl$ZrgbcFrua,2
Q$9cJR$X4&qjwQ,2
zQjb%HatX9uJha,2
ZbhGl%F&Gbi^^K,2
x62anZdgG5eCqz,2
nfQUNsjAGK%&zk,2
F$Gg51Ee1ymBTL,2
syY8DxEjO^tdjG,2
rKa#S2Cjqcl16*,2
mSP6%3hXrayTL4,2
$%e1Rmm6!Jh#&V,2
p6iwrL6hF6g!^@,2
I51tgGrZW#qEg3,2
6VdzyBoO#dlmMo,2
UCxUuORYQjetDq,2
vQ9mhSRV94Xj9r,2
L8&m8IgAjSu^&P,2
TjIJoYwCfxzJt6,2
I7xXVdCnIM7d3H,2
xfWIr@i^$bOlF3,2
3Pmj7K3%GN!V$6,2
&@SJX%puqQ!7qx,2
Yf53RHC93GDtno,2
b7LHaQ8lstnAbk,2
%6BI^Y^jXcY%L3,2
qkV*jPsuKG&hOv,2
DIgHDnSX#i4DLe,2
aKwGpcIPE@0w*Q,2
JqUUu*FPrELFm9,2
KptodccbTIe2if,2
pdrvm0dIbickwO,2
WRJ4wkjcLaDEuW,2
d#HaUcP7bYt*XH,2
v$oiqoyXAB*RCN,2
!1ltdS*qNU#O*G,2
Au&*4fIilBV6dJ,2
U4Ov&cC5w6xADj,2
y&ylHddM8h6cgQ,2
!sx%RzM9FUAyof,2
zayUd0wcyhReG&,2
b6Py6G&B8hkI4h,2
Am#6zGOktG7&5v,2
m7RvEAtvvd1w8#,2
I6#7NA5qNXpXwS,2
xkBZfNsr6AH8ye,2
O6@zosmpzD*2Sl,2
!h9hp1Ij%H7szL,2
ZQ#QsSneRLzuQ7,2
ovYFIfyQuA*65k,2
P#*uUQc^fZKgT2,2
GD&0oEj7o0^a7S,2
pYS5VlUc!uHxgZ,2
$L0SHMKKp*kWiQ,2
s!^UiaU*wEzj@u,2
c**U0$0FnB!Gxn,2
zHzFE1K^A@NvVw,2
B%eT#ljLGtKTC@,2
KsPr109Q3HjoKK,2
x3M***YyM!K@g*,2
3tI0OXT5rVjCeY,2
fgSwodUVZ6bUhT,2
